variable_id,bucket,1,total
age_trtd,,41.59062313,41.59062313
age_trtd_bucket,18-24,716,716
age_trtd_bucket,25-34,764,764
age_trtd_bucket,35-44,519,519
age_trtd_bucket,45-54,516,516
age_trtd_bucket,55-64,426,426
age_trtd_bucket,65-74,302,302
age_trtd_bucket,75+,438,438
cla_sb000514_p,,0.582035358,0.582035358
cla_sb002952_p,,0.127710562,0.127710562
cla_sb002953_p,,0.185974921,0.185974921
hh_pop,,3325,3325
ig_ce_family_income_detector,,239932.2364,239932.2364
ig_ce_family_income_detector_bucket,$90000+,3325,3325
ind_pop,,7506,7506
